{
  "name": "xml",
  "description": "Installs xml",
  "long_description": "Description\n===========\n\nInstalls development package for libxml.\n\nRequirements\n============\n\nDebian, Ubuntu, CentOS, Red Hat, Scientific, Fedora, SUSE, ArchLinux\n\nAttributes\n==========\n\n* `node['xml']['packages']` - Array of package names that should be\n  installed\n\nRecipes\n=======\n\n## default\n\nInstalls the development packages for libxml2 and libxslt.\n\n## ruby\n\nInstalls the nokogiri gem into Chef's Ruby environment so it can be\nused in recipes.\n\nLicense and Author\n==================\n\n- Author:: Joshua Timberman (<joshua@opscode.com>)\n- Copyright:: 2009-2012, Opscode, Inc.\n\nLicensed under the Apache License, Version 2.0 (the \"License\");\nyou may not use this file except in compliance with the License.\nYou may obtain a copy of the License at\n\n    http://www.apache.org/licenses/LICENSE-2.0\n\nUnless required by applicable law or agreed to in writing, software\ndistributed under the License is distributed on an \"AS IS\" BASIS,\nWITHOUT WARRANTIES OR CONDITIONS OF ANY KIND, either express or implied.\nSee the License for the specific language governing permissions and\nlimitations under the License.\n",
  "maintainer": "Opscode, Inc.",
  "maintainer_email": "cookbooks@opscode.com",
  "license": "Apache 2.0",
  "platforms": {
    "centos": ">= 0.0.0",
    "redhat": ">= 0.0.0",
    "scientific": ">= 0.0.0",
    "suse": ">= 0.0.0",
    "fedora": ">= 0.0.0",
    "amazon": ">= 0.0.0",
    "ubuntu": ">= 0.0.0",
    "debian": ">= 0.0.0",
    "freebsd": ">= 0.0.0",
    "arch": ">= 0.0.0"
  },
  "dependencies": {
    "build-essential": ">= 0.0.0"
  },
  "recommendations": {
  },
  "suggestions": {
  },
  "conflicting": {
  },
  "providing": {
  },
  "replacing": {
  },
  "attributes": {
  },
  "groupings": {
  },
  "recipes": {
    "xml": "Installs libxml development packages"
  },
  "version": "1.1.2"
}